{"lib/view/assets/fazendeiros/1.png":["lib/view/assets/fazendeiros/1.png"],"lib/view/assets/fazendeiros/2.png":["lib/view/assets/fazendeiros/2.png"],"lib/view/assets/fazendeiros/3.png":["lib/view/assets/fazendeiros/3.png"],"lib/view/assets/fazendeiros/4.png":["lib/view/assets/fazendeiros/4.png"],"lib/view/assets/fazendeiros/5.png":["lib/view/assets/fazendeiros/5.png"],"packages/cupertino_icons/assets/CupertinoIcons.ttf":["packages/cupertino_icons/assets/CupertinoIcons.ttf"],"lib/view/assets/botao-continuar.png":["lib/view/assets/botao-continuar.png"],"lib/view/assets/fundo.png":["lib/view/assets/fundo.png"]}