{"lib/view/assets/fazendeiros/1.png":["lib/view/assets/fazendeiros/1.png"],"lib/view/assets/fazendeiros/2.png":["lib/view/assets/fazendeiros/2.png"],"lib/view/assets/fazendeiros/3.png":["lib/view/assets/fazendeiros/3.png"],"lib/view/assets/fazendeiros/4.png":["lib/view/assets/fazendeiros/4.png"],"lib/view/assets/fazendeiros/5.png":["lib/view/assets/fazendeiros/5.png"],"packages/cupertino_icons/assets/CupertinoIcons.ttf":["packages/cupertino_icons/assets/CupertinoIcons.ttf"],"lib/view/assets/produtos/Suco%20de%20Laranja.png":["lib/view/assets/produtos/Suco%20de%20Laranja.png"],"lib/view/assets/produtos/adubo.png":["lib/view/assets/produtos/adubo.png"],"lib/view/assets/produtos/agua.png":["lib/view/assets/produtos/agua.png"],"lib/view/assets/produtos/alface.png":["lib/view/assets/produtos/alface.png"],"lib/view/assets/mercado/balcaomercado.png":["lib/view/assets/mercado/balcaomercado.png"],"lib/view/assets/produtos/biscoito.png":["lib/view/assets/produtos/biscoito.png"],"lib/view/assets/botao-continuar.png":["lib/view/assets/botao-continuar.png"],"lib/view/assets/botao-tutorial.png":["lib/view/assets/botao-tutorial.png"],"lib/view/assets/atividadeFisica/caminhar.png":["lib/view/assets/atividadeFisica/caminhar.png"],"lib/view/assets/troca/casa_troca.png":["lib/view/assets/troca/casa_troca.png"],"lib/view/assets/celeiro.png":["lib/view/assets/celeiro.png"],"lib/view/assets/produtos/cenoura.png":["lib/view/assets/produtos/cenoura.png"],"lib/view/assets/animal/cerca_animal.png":["lib/view/assets/animal/cerca_animal.png"],"lib/view/assets/plantacao/cercaplantacoes.png":["lib/view/assets/plantacao/cercaplantacoes.png"],"lib/view/assets/pergunta/certo.png":["lib/view/assets/pergunta/certo.png"],"lib/view/assets/produtos/chocolate.png":["lib/view/assets/produtos/chocolate.png"],"lib/view/assets/mercado/comerciante.png":["lib/view/assets/mercado/comerciante.png"],"lib/view/assets/plantacao/completo.png":["lib/view/assets/plantacao/completo.png","lib/view/assets/plantacao/alface/completo.png","lib/view/assets/plantacao/tomate/completo.png","lib/view/assets/plantacao/cenoura/completo.png","lib/view/assets/plantacao/morango/completo.png"],"lib/view/assets/atividadeFisica/correr.png":["lib/view/assets/atividadeFisica/correr.png"],"lib/view/assets/plantacao/desenvolvimento.png":["lib/view/assets/plantacao/desenvolvimento.png","lib/view/assets/plantacao/alface/desenvolvimento.png","lib/view/assets/plantacao/tomate/desenvolvimento.png","lib/view/assets/plantacao/cenoura/desenvolvimento.png","lib/view/assets/plantacao/morango/desenvolvimento.png"],"lib/view/assets/pergunta/errado.jpg":["lib/view/assets/pergunta/errado.jpg"],"lib/view/assets/barraPrincipal/exercicio.png":["lib/view/assets/barraPrincipal/exercicio.png"],"lib/view/assets/fundo.png":["lib/view/assets/fundo.png","lib/view/assets/troca/fundo.png"],"lib/view/assets/troca/fundo.png":["lib/view/assets/troca/fundo.png"],"lib/view/assets/mercado/fundo_mercado.jpeg":["lib/view/assets/mercado/fundo_mercado.jpeg"],"lib/view/assets/troca/fundo_troca.png":["lib/view/assets/troca/fundo_troca.png"],"lib/view/assets/lago.png":["lib/view/assets/lago.png"],"lib/view/assets/produtos/leite.png":["lib/view/assets/produtos/leite.png"],"lib/view/assets/barraPrincipal/mercado.png":["lib/view/assets/barraPrincipal/mercado.png"],"lib/view/assets/produtos/morango.png":["lib/view/assets/produtos/morango.png"],"lib/view/assets/plantacao/morta.png":["lib/view/assets/plantacao/morta.png","lib/view/assets/plantacao/alface/morta.png","lib/view/assets/plantacao/tomate/morta.png","lib/view/assets/plantacao/cenoura/morta.png","lib/view/assets/plantacao/morango/morta.png"],"lib/view/assets/atividadeFisica/nadar.png":["lib/view/assets/atividadeFisica/nadar.png"],"lib/view/assets/poco.png":["lib/view/assets/poco.png"],"lib/view/assets/mercado/prateleiramercado.png":["lib/view/assets/mercado/prateleiramercado.png"],"lib/view/assets/produtos/racao.png":["lib/view/assets/produtos/racao.png"],"lib/view/assets/produtos/refrigerante.png":["lib/view/assets/produtos/refrigerante.png"],"lib/view/assets/barraPrincipal/saude.png":["lib/view/assets/barraPrincipal/saude.png"],"lib/view/assets/plantacao/semeado.png":["lib/view/assets/plantacao/semeado.png","lib/view/assets/plantacao/alface/semeado.png","lib/view/assets/plantacao/tomate/semeado.png","lib/view/assets/plantacao/cenoura/semeado.png","lib/view/assets/plantacao/morango/semeado.png"],"lib/view/assets/produtos/semente.png":["lib/view/assets/produtos/semente.png"],"lib/view/assets/seta.png":["lib/view/assets/seta.png"],"lib/view/assets/telainicial.png":["lib/view/assets/telainicial.png"],"lib/view/assets/produtos/tomate.png":["lib/view/assets/produtos/tomate.png"],"lib/view/assets/barraPrincipal/tresPontos.png":["lib/view/assets/barraPrincipal/tresPontos.png"],"lib/view/assets/barraPrincipal/troca.png":["lib/view/assets/barraPrincipal/troca.png"],"lib/view/assets/animal/vaca.png":["lib/view/assets/animal/vaca.png"],"lib/view/assets/plantacao/vazio.png":["lib/view/assets/plantacao/vazio.png"]}